date,profiles,live,new_24h,new_7d,gone_7d,free_share,median_paid_usd,avg_paid_usd,price_window,price_compared,price_changed,price_raised,price_lowered,went_free,went_paid
2026-10-01,2361805,2230689,3374,3374,3569,0.2758,10.00,12.43,since_first,2227242,137640,56566,39275,18409,23390
2026-10-02,2368101,2239611,6320,9670,6483,0.2764,10.00,12.43,since_first,2229982,138132,56698,39420,18486,23528
2026-10-03,2369829,2239926,1728,11398,9409,0.2764,10.00,12.43,since_first,2228617,138484,56892,39493,18528,23571
2026-10-04,2372454,2241904,4353,14023,10094,0.2765,10.00,12.43,since_first,2227977,138730,57023,39531,18576,23600
2026-10-05,2382324,2251550,9874,23893,10333,0.2769,10.00,12.43,since_first,2227826,138984,57098,39578,18609,23699
2026-10-06,2396835,2264848,10126,38404,11544,0.2773,10.00,12.43,since_first,2226733,139374,57308,39699,18600,23767
2026-10-07,2399664,2266477,7165,41233,12774,0.2769,10.00,12.43,7d,886353,2489,931,722,424,412
2026-10-08,2404722,2273166,5060,43521,11143,0.2776,10.00,12.43,7d,2158817,3475,1256,1007,582,630
2026-10-09,2410241,2276857,5530,42140,12995,0.2775,10.00,12.43,7d,2184291,4226,1553,1220,691,762
